Donaldson;1400 W. 94 St.;Bloomington;MN;55431;952-887-3131;http://www.donaldson.com;donaldsonfoundation@mail.donaldson.com;William M. Cook;bcook@mail.donaldson.com
Hayes Lemmerz;15300 Centennial Dr.;Northville;MI;48168;734-737-5000;http://www.hayes-lemmerz.com;naaw@hayes-lemmerz.com;Curtis J. Clawson;kclawson@hayes-lemmerz.com
Vectren;1 Vectren Sq.;Evansville;IN;47708;812-491-4000;http://www.vectren.com;None;Niel C. Ellerbrook;None
Nortek;50 Kennedy Plz.;Providence;RI;2903;401-751-1600;http://www.nortek-inc.com;general@nortek-inc.com;Richard L. Bready;bready@nortek-inc.com
Liberty Global;12300 Liberty Blvd.;Englewood;CO;80112;303-220-6600;http://www.lgi.com;info@lgi.com;Michael T. Fries;None
Reliant Energy;1000 Main St.;Houston;TX;77002;713-497-3000;http://www.reliant.com;service@reliant.com;Mark M. Jacobs;None
Forest Laboratories;909 Third Ave.;New York;NY;10022;212-421-7850;http://www.frx.com;contactus@frx.com;Howard Soloman;howard.solomon@frx.com
Precision Castparts;4650 S.W. Macadam Ave.;Portland;OR;97239;503-417-4800;http://www.precast.com;info@precastcorp.com;Mark Donegan;None
Hasbro;1027 Newport Ave.;Pawtucket;RI;2862;401-431-8697;http://www.hasbro.com;hasbro@custhelp.com;Alfred J. Verrecchia;averrecchia@hasbro.com
Winn-Dixie Stores;5050 Edgewood Court;Jacksonville;FL;32254;904-783-5000;http://www.winn-dixie.com;MichaelIstre@winn-dixie.com;Peter L. Lynch;None
AMR;4333 Amon Carter Blvd.;Fort Worth;TX;76155;817-963-1234;http://www.aa.com;americanairlines@email.aa.com;Gerard J. Arpey;gerard.arpey@aa.com
Murphy Oil;200 Peach St.;El Dorado;AR;71730;870-862-6411;http://www.murphyoilcorp.com;sandiks@murphyoilcorp.com;Claiborne P. Deming;None
Caterpillar;100 N.E. Adams St.;Peoria;IL;61629;309-675-1000;http://www.cat.com;CATir@cat.com;James W. Owens;jim.owens@cat.com
American Axle & Manufacturing;1 Dauch Dr.;Detroit;MI;48211;313-758-2000;http://www.aam.com;AAMHR@aam.com;Richard E. Dauch;None
Peabody Energy;701 Market St.;Saint Louis;MO;63101;314-342-3400;http://www.peabodyenergy.com;pr@peabodyenergy.com;Gregory H. Boyce;gboyce@peabodyenergy.com
AbitibiBowater;55 E. Camperdown Way;Greenville;SC;29602;864-271-7733;http://www.abitibibowater.com;info@abitibibowater.com;David J. Paterson;None
First American Corp.;1 First American Way;Santa Ana Height;CA;92707;714-250-3000;http://www.firstam.com;sales@firstam.com;Parker S. Kennedy;None
Ferrellgas Partners;7500 College Blvd.;Lenexa;KS;66210;913-661-1500;http://www.ferrellgas.com;CustomerConnection@ferrellgas.com.;James E. Ferrell;None
Securian Financial Group;400 Robert St. N.;Saint Paul;MN;55101;651-665-3500;http://www.securian.com;customers@securian.com;Robert L. Senkler;None
Marathon Oil;5555 San Felipe Rd.;Houston;TX;77056;713-629-6600;http://www.marathon.com;custrelations@marathonpetroleum.com;Clarence P. Cazalot Jr.;None
Jacobs Engineering Group;1111 S. Arroyo Pkwy.;Pasadena;CA;91105;626-578-3500;http://www.jacobs.com;contactus@jacobs.com;Craig L. Martin;None
NBTY;90 Orville Dr.;Bohemia;NY;11716;631-567-9500;http://www.nbty.com;info@amstock.com;Scott Rudolph;None
Health Management Associates;5811 Pelican Bay Blvd.;Naples;FL;34108;239-598-3131;http://www.hma.com;info@hma.com;Burke W. Whitman;None
Ryland Group;24025 Park Sorrento;Calabasas;CA;91302;818-223-7500;http://www.ryland.com;jgrovert@ryland.com;R. Chad Dreier;None
Old Republic International;307 N. Michigan Ave.;Chicago;IL;60601;312-346-8100;http://www.oldrepublic.com;service@ReliableLifeInsurance.com;Aldo C. Zucaro;None
Beckman Coulter;4300 N. Harbor Blvd.;Fullerton;CA;92835;714-871-4848;http://www.beckmancoulter.com;hematology@beckmancoulter.com;Scott Garrett;None
Stewart Information Services;1980 Post Oak Blvd.;Houston;TX;77056;713-625-8100;http://www.stewart.com;customerservice@stewart.com;None;None
Burlington Coat Factory;1830 Route 130 N.;Burlington;NJ;8016;609-387-7800;http://www.burlingtoncoatfactory.com;hr.support@coat.com;Mark A. Nesci;None
Snap-On;2801 80th St.;Kenosha;WI;53143;262-656-5200;http://www.snapon.com;contract.sales@snapon.com;Nicholas T. Pinchuk;None
Brightpoint;2601 Metropolis Parkway;Avon;IN;46168;317-707-2355;http://www.brightpoint.com;info@brightpoint.com;Robert J. Laikin;None
Owens-Illinois;1 Michael Owens Way;Perrysburg;OH;43551;567-336-5000;http://www.o-i.com;glass@o-i.com;Albert P.L. Stroucken;None
CMS Energy;1 Energy Plaza;Jackson;MI;49201;517-788-0550;http://www.cmsenergy.com;info@cmsenergy.com;David W. Joos;None
EOG Resources;1111 Bagby;Houston;TX;77002;713-651-7000;http://www.eogresources.com;info@eogresources.com;Mark G. Papa;mark_papa@eogresources.com
Kimberly-Clark;351 Phelps Dr.;Irving;TX;75038;972-281-1200;http://www.kimberly-clark.com;None;Thomas J. Falk;thomas.j.falk@kcc.com
Gilead Sciences;333 Lakeside Dr.;Foster City;CA;94404;650-574-3000;http://www.gilead.com;public_affairs@gilead.com;John C. Martin, Ph.D.;john.martin@gilead.com
CBRL Group;305 Hartmann Dr.;Lebanon;TN;37088;615-443-5533;http://www.cbrlgroup.com;fastmail@crackerbarrel.com;Michael A. Woodhouse;None
Belk;2801 W. Tyvola Rd.;Charlotte;NC;28217;704-357-1000;http://www.belk.com;suzanne_mcinturff@belk.com;Thomas M. Belk Jr.;None
Mylan;1500 Corporate Dr.;Mc Murray;PA;15317;724-514-1800;http://www.mylan.com;mylan@mylan.com;Robert J. Coury;None
Molson Coors Brewing;1225 17th St.;Denver;CO;80202;303-277-6661;http://www.molsoncoors.com;corporate.responsibility@molsoncoors.com;W. Leo Kiely III;leo.kiely@coors.com
Brown-Forman;850 Dixie Hwy.;Louisville;KY;40210;502-585-1100;http://www.brown-forman.com;Brown-Forman@b-f.com;Paul C. Varga;None
CIT Group;505 Fifth Ave.;New York;NY;10017;212-771-0505;http://www.cit.com;customerservice@xlservicing.com;Jeffrey M. Peek;None
Nasdaq OMX Group;1 Liberty Plaza;New York;NY;10006;212-401-8700;http://www.nasdaq.com;marketsite.events@nasdaq.com;Robert Greifeld;None
FedEx;942 S. Shady Grove Rd.;Memphis;TN;38120;901-818-7500;http://www.fedex.com;inquiry@fedex.com;Frederick W. Smith;None
Questar;180 E. 100 South St.;Salt Lake City;UT;84145;801-324-5000;http://www.questar.com;conserv@questar.com;Keith O. Rattie;None
DST Systems;333 W. 11th St.;Kansas City;MO;64105;816-435-1000;http://www.dstsystems.com;ir@dstsystems.com;Thomas A. McDonnell;None
Calpine;50 W. San Fernando St.;San Jose;CA;95113;408-995-5115;http://www.calpine.com;CalpineWeb@calpine.com;Robert P. May;None
Expedia;3150 139th Ave. SE;Bellevue;WA;98005;425-679-7200;http://www.expediainc.com;mktgopp@expedia.com;Dara Khosrowshahi;None
La-Z-Boy;1284 N. Telegraph Rd.;Monroe;MI;48162;734-242-1444;http://www.la-z-boy.com;info@lazboy.com;Kurt L. Darrow;None
Computer Sciences;3170 Fairview Park Dr.;Mosby;VA;22042;703-876-1000;http://www.csc.com;jleiter@csc.com;Michael W. Laphen;mlaphen@csc.com
ProLogis;4545 Airport Way;Denver;CO;80239;303-567-5000;http://www.prologis.com;info@prologis.com;Jeffrey H. Schwartz;None
Spherion;2050 Spectrum Blvd.;Fort Lauderdale;FL;33309;954-308-7600;http://www.spherion.com;help@spherion.com;Roy G. Krause;None
Motorola;1303 E. Algonquin Rd.;Schaumburg;IL;60196;847-576-5000;http://www.motorola.com;custhelp@motorola.com;Gregory Q. Brown;None
Regal-Beloit;200 State St.;Shopiere;WI;53511;608-364-8800;http://www.regalbeloit.com;None;Henry W. Knueppel;None
Aon;200 E. Randolph St.;Chicago;IL;60601;312-381-1000;http://www.aon.com;suzzanne_ryan@ars.aon.com;Gregory C. Case;gregory_case@aon.com
Nicor;1844 Ferry Rd.;Naperville;IL;60563;630-305-9500;http://www.nicor.com;customercare@nicor.com;Russ M. Strobel;rstrobe@nicor.com
D.R. Horton;301 Commerce St.;Fort Worth;TX;76102;817-390-8200;http://www.drhorton.com;lbaptiste@drhorton.com;Donald J. Tomnitz;None
Qualcomm;5775 Morehouse Dr.;San Diego;CA;92121;858-587-1121;http://www.qualcomm.com;qu@qualcomm.com;Paul E. Jacobs;None
Zale;901 W. Walnut Hill Lane;Irving;TX;75038;972-580-4000;http://www.zalecorp.com;CustomerService@zales.com;Neal Goldberg;None
Hovnanian Enterprises;110 W. Front St.;Suburban;NJ;7701;732-747-7800;http://www.khov.com;ahovnanian@khov.com;Ara K. Hovnanian;None
PNC Financial Services Group;249 Fifth Ave.;Downtown;PA;15222;412-762-2000;http://www.pnc.com;customerservice@pnc.com;James E. Rohr;james.rohr@pnc.com
Hanesbrands;1000 E. Hanes Mill Rd.;Winston Salem;NC;27105;336-519-4400;http://www.hanesbrands.com;None;Richard A. Noll;None
Anheuser-Busch;1 Busch Place;Saint Louis;MO;63118;314-577-2000;http://www.anheuser-busch.com;None;August A. Busch IV;None
eBay;2145 Hamilton Ave.;San Jose;CA;95125;408-376-7400;http://www.ebay.com;cswebhelp@ebay.com;John Donahoe;None
Eli Lilly;Lilly Corporate Center;Indianapolis;IN;46285;317-276-2000;http://www.lilly.com;None;John C. Lechleiter;jlechleiter@lilly.com
Valero Energy;1 Valero Way;San Antonio;TX;78249;210-345-2000;http://www.valero.com;customer.relations@valero.com;William R. Klesse;None
Charming Shoppes;450 Winks Lane;Bensalem;PA;19020;215-245-9100;http://www.charmingshoppes.com;cscsutomerservice@charmingshoppes.com;Dorrit J. Bern;None
Piedmont Natural Gas;4720 Piedmont Row Dr.;Charlotte;NC;28210;704-364-3120;http://www.piedmontng.com;customerselfservice@piedmontng.com;Thomas E. Skains;None
Sun Microsystems;4150 Network Circle;Santa Clara;CA;95054;650-960-1300;http://www.sun.com;None;Jonathan I. Schwartz;None
Advance Auto Parts;5008 Airport Rd.;Roanoke;VA;24012;540-362-4911;http://www.advanceautoparts.com;cccsupport@advance-auto.com;Darren R. Jackson;darren.jackson@advanceautoparts.com
SAIC;10260 Campus Point Dr.;San Diego;CA;92121;858-826-6000;http://www.saic.com;laura.luke@saic.com;Kenneth C. Dahlberg;None
Raymond James Financial;880 Carillon Pkwy.;Saint Petersburg;FL;33716;727-567-1000;http://www.rjf.com;None;Thomas A. James;None
Alaska Air Group;19300 International Blvd.;Tukwila;WA;98188;206-392-5040;http://www.alaskaair.com;Reservations@alaskaair.com;William S. Ayer;william.ayer@alaskaair.com
Martin Marietta Materials;2710 Wycliff Rd.;Raleigh;NC;27607;919-781-4550;http://www.martinmarietta.com;fgd@martinmarietta.com;Stephen P. Zelnak Jr.;None
Stryker;2825 Airview Blvd.;Kalamazoo;MI;49002;269-385-2600;http://www.stryker.com;Imaging-Support@stryker.com;Stephen P. MacMillan;None
Meredith;1716 Locust St.;Des Moines;IA;50309;515-284-3000;http://www.meredith.com;shareholderhelp@meredith.com;Stephen M. Lacy;steve.lacy@meredith.com
Kla-Tencor;160 Rio Robles;San Jose;CA;95134;408-875-3000;http://www.kla-tencor.com;info@kla-tencor.com;Richard P. Wallace;None
Baker Hughes;2929 Allen Pkwy.;Houston;TX;77019;713-439-8600;http://www.bakerhughes.com;geothermal@bakerhughes.com;Chad C. Deaton;chad.deaton@bakerhughes.com
Manitowoc;2400 S. 44th St.;Manitowoc;WI;54221;920-684-4410;http://www.manitowoc.com;info@manitowoc.com;Glen E. Tellock;None
PolyOne;33587 Walker Rd.;Avon Lake;OH;44012;440-930-1000;http://www.polyone.com;Rodney.Barber@PolyOne.com;Stephen D. Newlin;None
Oracle;500 Oracle Pkwy.;Redwood City;CA;94065;650-506-7000;http://www.oracle.com;oracleusergroup_ww@oracle.com;Lawrence J. Ellison;larry.ellison@oracle.com
Biomet;56 E. Bell Dr.;Warsaw;IN;46582;574-267-6639;http://www.biomet.com;bergares@biomet.com;Jeffrey R. Binder;None
Furniture Brands International;101 S. Hanley Rd.;Clayton;MO;63105;314-863-1100;http://www.furniturebrands.com;jbotsford@furniturebrands.com;Ralph P. Scozzafava;None
Abercrombie & Fitch;6301 Fitch Path;New Albany;OH;43054;614-283-6500;http://www.abercrombie.com;info@abercrombie.com;Michael S. Jeffries;mike_jeffries@abercrombie.com
Health Net;21650 Oxnard St.;Woodland Hills;CA;91367;818-676-6000;http://www.healthnet.com;netsoft@health.net;Jay M. Gellert;None
Berkshire Hathaway;1440 Kiewit Plaza;Omaha;NE;68131;402-346-1400;http://www.berkshirehathaway.com;berkshire@berkshirehathaway.com;Warren E. Buffett;None
Tractor Supply;200 Powell Place;Brentwood;TN;37027;615-440-4000;http://www.tractorsupply.com;None;James F. Wright;None
Westlake Chemical;2801 Post Oak Blvd.;Houston;TX;77056;713-960-9111;http://www.westlake.com;mediarelations@westlake.com;Albert Chao;None
Citizens Communications;3 High Ridge Park;Ridgeway;CT;6905;203-614-5600;http://www.czn.net;Citizens@czn.com;Mary Agnes Wilderotter;None
Avon Products;1345 Sixth Ave.;New York;NY;10105;212-282-5000;http://www.avoncompany.com;avon.websites@avon.com;Andrea Jung;Andrea.Jung@Avon.com
Potlatch;601 W. First Ave.;Spokane;WA;99201;509-835-1500;http://www.potlatchcorp.com;None;Michael J. Covey;None
Ralcorp Holdings;800 Market St.;Saint Louis;MO;63101;314-877-7000;http://www.ralcorp.com;ralcorpwebpage@ralcorp.com;None;None
International Business Machines;1 New Orchard Rd.;Armonk;NY;10504;914-499-1900;http://www.ibm.com;ews@us.ibm.com;Samuel J. Palmisano;None
Fortune Brands;520 Lake Cook Rd.;Deerfield;IL;60015;847-484-4400;http://www.fortunebrands.com;mail@fortunebrands.com;Bruce A. Carbonari;None
Telephone & Data Systems;30 N. LaSalle St.;Chicago;IL;60602;312-630-1900;http://www.teldta.com;TDSinfo@teldta.com;LeRoy T. Carlson Jr.;None
First Data;6200 S. Quebec St.;Cherry Hills Vil;CO;80111;303-967-8000;http://www.firstdatacorp.com;fdc.ir@firstdata.com;Michael Capellas;None
Mercury General;4484 Wilshire Blvd.;Los Angeles;CA;90010;323-937-1060;http://www.mercuryinsurance.com;pnelson@mercuryinsurance.com;Gabriel Tirador;None
Consolidated Edison;4 Irving Place;New York;NY;10003;212-460-4600;http://www.conedison.com;customerservice@coned.com;Kevin Burke;None
Public Service Enterprise Group;80 Park Plaza;Newark;NJ;7102;973-430-7000;http://www.pseg.com;roben.rasheed-hernandez@pseg.com;Ralph Izzo;rizzo@pseg.com
Sauer-Danfoss;250 Parkway Dr.;Prairie View;IL;60069;515-239-6000;http://www.sauer-danfoss.com;corpbrochure@sauer-danfoss.com;David J. Anderson;david.a@sauer-danfoss.com
Tribune;435 N. Michigan Ave.;Chicago;IL;60611;312-222-9100;http://www.tribune.com;corp.info@tribune.com;Samuel Zell;None
SkyWest;444 S. River Rd.;St. George;UT;84790;435-634-3000;http://www.skywest.com;info@skywest.com;Jerry C. Atkin;None
Travelers Cos.;385 Washington St.;Saint Paul;MN;55102;651-310-7911;http://www.travelers.com;None;Jay S. Fishman;None
Flowserve;5215 N. O'Connor Blvd.;Irving;TX;75039;972-443-6500;http://www.flowserve.com;intercom@flowserve.com;Lewis M. Kling;None
RadioShack;300 RadioShack Circle;Fort Worth;TX;76102;817-415-3011;http://www.radioshackcorporation.com;RadioShack.Customer.Care@RadioShack.com;Julian C. Day;None
Hercules;1313 N. Market St.;Wilmington;DE;19894;302-594-5000;http://www.herc.com;crogerson@herc.com;Craig A. Rogerson;crogerson@herc.com
Sierra Health Services;2724 N. Tenaya Way;Las Vegas;NV;89128;702-242-7000;http://www.sierrahealth.com;w3_hpnsd_shl@sierrahealth.com;Stephen J. Hemsley;None
Ashland;50 E. RiverCenter Blvd.;Covington;KY;41012;859-815-3333;http://www.ashland.com;info@ashland.com;James J. O'Brien Jr.;None
Arrow Electronics;50 Marcus Dr.;Melville;NY;11747;631-847-2000;http://www.arrow.com;feedback@arrow.com;William E. Mitchell;william.mitchell@arrow.com
Penske Automotive Group;2555 Telegraph Rd.;Bloomfield Towns;MI;48302;248-648-2500;http://www.penskeautomotive.com;info@penskeautomotive.com;Roger S. Penske;None
Commerce Group;211 Main St.;Dudley Hill;MA;1570;508-943-9000;http://www.commerceinsurance.com;Generalcomments@Commerceinsurance.com;Gerald Fels;None
Wesco International;225 West Station Square Dr.;Uptown;PA;15219;412-454-2200;http://www.wesco.com;ewells@wesco.com;Roy W. Haley;None
McKesson;1 Post St.;San Francisco;CA;94104;415-983-8300;http://www.mckesson.com;MHS@mckesson.com;John H. Hammergren;john.hammergren@mckesson.com
PPG Industries;1 PPG Place;Pittsburgh;PA;15272;412-434-3131;http://www.ppg.com;corporateinfo@ppg.com;Charles E. Bunch;None
Pacer International;2300 Clayton Rd.;Concord;CA;94520;925-887-1400;http://www.pacer-international.com;info@pacer.com;Michael E. Uremovich;None
Olin;190 Carondelet Plaza;Clayton;MO;63105;314-480-1400;http://www.olin.com;olincorpinfo@olin.com;Joseph D. Rupp;None
Baxter International;1 Baxter Pkwy.;Deerfield;IL;60015;847-948-2000;http://www.baxter.com;fdninfo@baxter.com;Robert L. Parkinson Jr.;None
Liberty Mutual Insurance Group;175 Berkeley St.;Boston;MA;2116;617-357-9500;http://www.libertymutual.com;PresidentialSvcTeam@libertymutual.com;Edmund F. Kelly;None
SunTrust Banks;303 Peachtree St. N.E.;Atlanta;GA;30308;404-588-7711;http://www.suntrust.com;info@suntrust.com;James M. Wells III;None
CVR Energy;2277 Plaza Dr.;Sugar Land;TX;77479;281-207-3200;http://www.cvrenergy.com;info@cvrenergy.com;John J. Lipinski;None
Markel;4521 Highwoods Pkwy.;Glen Allen;VA;23060;804-747-0136;http://www.markelcorp.com;information@markelcorp.com;Alan I. Kirshner;akirshner@markelcorp.com
ExpressJet Holdings;700 N. Sam Houston Pkwy. W.;Houston;TX;77067;832-353-1000;http://www.expressjet.com;customerrelations@expressjet.com;James B. Ream;None
StanCorp Financial;1100 SW Sixth Ave.;Portland;OR;97204;971-321-7000;http://www.stancorpfinancial.com;jdelaney@standard.com;Eric E. Parsons;None
MDC Holdings;4350 S. Monaco St.;Denver;CO;80237;303-773-1100;http://www.richmondamerican.com;communications@mdch.com;Larry A. Mizel;None
Wisconsin Energy;231 W. Michigan St.;Milwaukee;WI;53203;414-221-2345;http://www.wisconsinenergy.com;customerserv@edisonsault.com;Gale E. Klappa;None
International Paper;6400 Poplar Ave.;Memphis;TN;38197;901-419-7000;http://www.internationalpaper.com;None;John V. Faraci;None
Kellogg;1 Kellogg Square;Battle Creek;MI;49016;269-961-2000;http://www.kelloggcompany.com;carol.ebanks@kellogg.com;A.D. David Mackay;None
Progress Energy;410 S. Wilmington St.;Raleigh;NC;27601;919-546-6111;http://www.progress-energy.com;beverly.cummings@pgnmail.com;William D. Johnson;None
Delphi;5725 Delphi Dr.;Troy;MI;48098;248-813-2000;http://www.delphi.com;None;Rodney O'Neal;rodney.oneal@delphi.com
Goodyear Tire & Rubber;1144 E. Market St.;Akron;OH;44316;330-796-2121;http://www.goodyear.com;goodyearep@digiknow.com;Robert J. Keegan;robert.keegan@goodyear.com
Embarq;5454 W. 110th St.;Leawood;KS;66211;913-323-4637;http://www.embarq.com;customerservice@embarq.com;Thomas A. Gerke;tom.gerke@embarq.com
Dollar Tree;500 Volvo Parkway;Chesapeake;VA;23320;757-321-5000;http://www.dollartree.com;info@dollartree.com;Robert Sasser;None
Allegheny Technologies;1000 Six PPG Place;Downtown;PA;15222;412-394-2800;http://www.alleghenytechnologies.com;info@alleghenytechnologies.com;L. Patrick Hassey;None
Ameriprise Financial;55 Ameriprise Financial Center;Minneapolis;MN;55474;612-671-3131;http://www.ameriprise.com;sales@ameriprise.com;James M. Cracchiolo;None
NSTAR;800 Boylston St.;Boston;MA;2199;617-424-2000;http://www.nstaronline.com;customer.service@nstar.com;Thomas J. May;None
Charles Schwab;120 Kearny St.;San Francisco;CA;94108;415-636-7000;http://www.aboutschwab.com;public.relations@schwab.com;Charles R. Schwab;None
PC Connection;730 Milford Rd.;Merrimack;NH;3054;603-683-2000;http://www.pcconnection.com;customerservice@pcconnection.com;Patricia Gallup;None
3M;3M Center;St. Paul;MN;55144;651-733-1110;http://www.3m.com;info@3m.com;George W. Buckley;gwbuckley@mmm.com
Boeing;100 N. Riverside Plaza;Chicago;IL;60606;312-544-2000;http://www.boeing.com;wwwmail.boeing2@boeing.com;W. James McNerney Jr.;jim.mcnerney@boeing.com
Vornado Realty Trust;888 Seventh Ave.;New York;NY;10019;212-894-7000;http://www.vno.com;jlutzius@GreenStreetAdvisors.com;Steven Roth;None
Johnson & Johnson;"1 Johnson &amp; Johnson Plaza";New Brunswick;NJ;8933;732-524-0400;http://www.jnj.com;jnj-admin@corus.jnj.com;William C. Weldon;wweldon@jnj.com
AMC Entertainment;920 Main St.;Kansas City;MO;64105;816-221-4000;http://www.amctheatres.com;CustomerService@MovieTickets.com;Peter C. Brown;None
Henry Schein;135 Duryea Rd.;Melville;NY;11747;631-843-5500;http://www.henryschein.com;dentsls@henryschein.com;Stanley M. Bergman;None
Hertz Global Holdings;225 Brae Blvd.;Park Ridge;NJ;7656;201-307-2000;http://www.hertz.com;gold_service_uk@hertz.com;Mark P. Frissora;Mark.Frissora@hertz.com
Wm. Wrigley Jr.;410 N. Michigan Ave.;Chicago;IL;60611;312-644-2121;http://www.wrigley.com;drp@wrigley.com;William D. Perez;None
Lubrizol;29400 Lakeland Blvd.;Wickliffe;OH;44092;440-943-4200;http://www.lubrizol.com;None;James L. Hambrick;jlh@lubrizol.com
Big Lots;300 Phillipi Rd.;Lincoln Village;OH;43228;614-278-6800;http://www.biglots.com;TALK2US@BIGLOTS.COM;Steven S. Fishman;None
Borders Group;100 Phoenix Dr.;Ann Arbor;MI;48108;734-477-1100;http://www.bordersgroupinc.com;ccare@bordersstores.com;George L. Jones;None
United Technologies;1 Financial Plaza;Hartford;CT;6103;860-728-7000;http://www.utc.com;stockoptionplans@utc.com;"Louis Ch&ecirc;nevert";None
Yahoo;701 First Ave.;Sunnyvale;CA;94089;408-349-3300;http://www.yahoo.com;service@yahoo.com;Jerry Yang;None
Clorox;1221 Broadway;Oakland;CA;94612;510-271-7000;http://www.thecloroxcompany.com;None;Donald R. Knauss;don.knauss@clorox.com
Whole Foods Market;550 Bowie St.;Austin;TX;78703;512-477-4455;http://www.wholefoodsmarket.com;Kate.Lowery@wholefoods.com;John P. Mackey;None
U.S. Bancorp;800 Nicollet Mall;Minneapolis;MN;55402;651-466-3000;http://www.usbank.com;1800usbanks@usbank.com;Richard K. Davis;None
Commerce Bancorp;1701 Rt. 70 E.;Cherry Hill;NJ;8034;856-751-9000;http://www.commerceonline.com;corpcard.sales@commercebank.com;Bharat B. Masrani;None
Shaw Group;4171 Essen Lane;Baton Rouge;LA;70809;225-932-2500;http://www.shawgrp.com;Energy@shawgrp.com;James M. Bernhard Jr.;None
Vulcan Materials;1200 Urban Center Dr.;Shoal Creek;AL;35242;205-298-3000;http://www.vulcanmaterials.com;community@vmcmail.com;Donald M. James;None
Vanguard Health Systems;20 Burton Hills Blvd.;Nashville;TN;37215;615-665-6000;http://www.vanguardhealth.com;abroad@vanguardhealth.com;Charles N. Martin Jr.;None
Estee Lauder;767 Fifth Ave.;New York;NY;10153;212-572-4200;http://www.elcompanies.com;consumercommunications-elc@estee.com;William P. Lauder;None
Johnson Controls;5757 N. Green Bay Ave.;Milwaukee;WI;53201;414-524-1200;http://www.johnsoncontrols.com;info@johnsoncontrols.com;Stephen A. Roell;None
Dresser-Rand Group;1200 W. Sam Houston Pkwy. N.;Houston;TX;77043;713-467-2221;http://www.dresser-rand.com;info@dresser-rand.com;Vincent R. Volpe Jr.;None
Spectra Energy;5400 Westheimer Court;Houston;TX;77056;713-627-5400;http://www.spectraenergy.com;IR-SEP@spectraenergy.com;Fred J. Fowler;None
Oshkosh;2307 Oregon St.;Oshkosh;WI;54902;920-235-9151;http://www.oshkoshcorporation.com;tcihowiak@oshtruck.com;Robert G. Bohn;jobline@oshtruck.com
Moody's;250 Greenwich St.;New York;NY;10007;212-553-0300;http://www.moodys.com;clientservices@moodys.com;Raymond W. McDaniel Jr.;None
Quanta Services;1360 Post Oak Blvd.;Houston;TX;77056;713-629-7600;http://www.quantaservices.com;headquarters@quantaservices.com;John R. Colson;None
Lockheed Martin;6801 Rockledge Dr.;West Bethesda;MD;20817;301-897-6000;http://www.lockheedmartin.com;busdev@lmaasa.com;Robert J. Stevens;None
Wyndham Worldwide;7 Sylvan Way;Parsippany;NJ;7054;973-753-6000;http://www.wyndhamworldwide.com;None;Stephen P. Holmes;None
Baldor Electric;5711 R.S. Boreham, Jr. St.;Fort Smith;AR;72901;479-646-4711;http://www.baldor.com;dwmeaden@baldor.com;John A. McFarland;None
Herman Miller;855 E. Main Ave.;Zeeland;MI;49464;616-654-3000;http://www.hermanmiller.com;robert_richardson@hermanmiller.com;Brian C. Walker;None
Gap;2 Folsom St.;San Francisco;CA;94105;650-952-4400;http://www.gapinc.com;custserv@gap.com;Glenn K. Murphy;None
Coca-Cola Enterprises;2500 Windy Ridge Pkwy.;Atlanta;GA;30339;770-989-3000;http://www.cokecce.com;ccemail@cokecce.com.;John F. Brock;j.brock@cokecce.com
Chemtura;199 Benson Road;Middlebury;CT;6749;203-573-2000;http://www.chemtura.com;janet.gilboy@chemtura.com;Robert L. Wood;None
Target;1000 Nicollet Mall;Minneapolis;MN;55403;612-304-6073;http://www.target.com;None;Gregg Steinhafel;Gregg.Steinhafel@target.com
Levi Strauss;1155 Battery St.;San Francisco;CA;94111;415-501-6000;http://www.levistrauss.com;None;R. John Anderson;kerry.clark@cardinal.com
International Assets Holding;220 E. Central Pkwy.;Altamonte Spring;FL;32701;407-741-5300;http://www.intlassets.com;sbranch@intlassets.com;Sean M. O'Connor;SOConnor@intlassets.com
Jo Ann Stores;5555 Darrow Road;Hudson;OH;44236;330-656-2600;http://www.joann.com;customercare@joann.com;Darrell D. Webb;None
Neiman Marcus;1618 Main St.;Dallas;TX;75201;214-743-7600;http://www.neimanmarcus.com;neimanmarcus@customercare.neimanmarcus.com;Burton M. Tansky;None
DynCorp International;3190 Fairview Park Dr.;Mosby;VA;22042;571-722-0210;http://www.dyn-intl.com;inquiry@dyn-intl.com;Herbert J. Lanese;None
W.R. Grace;7500 Grace Dr.;Columbia;MD;21044;410-531-4000;http://www.grace.com;info@grace.com;Alfred E. Festa;None
Western Digital;20511 Lake Forest Dr.;Lake Forest;CA;92630;949-672-7000;http://www.westerndigital.com;westerndigital@custhelp.com;John F. Coyne;None
Tesoro;300 Concord Plaza Dr.;San Antonio;TX;78216;210-828-8484;http://www.tsocorp.com;info@tsocorp.com;Bruce A. Smith;None
Yum Brands;1441 Gardiner Lane;Louisville;KY;40213;502-874-8300;http://www.yum.com;None;David C. Novak;None
Barr Pharmaceuticals;225 Summit Ave.;Montvale;NJ;7645;201-930-3300;http://www.barrlabs.com;CustomerService@barrlabs.com;Bruce L. Downey;None
Seaboard;9000 W. 67th St.;Countryside;KS;66202;913-676-8800;http://www.seaboardcorp.com;seaboard@seaboardcorp.com;Steven J. Bresky;None
Public Storage;701 Western Ave.;Glendale;CA;91201;818-244-8080;http://www.publicstorage.com;websales@PublicStorage.com;Ronald L. Havner Jr.;None
Juniper Networks;1194 N. Mathilda Ave.;Sunnyvale;CA;94089;408-745-2000;http://www.juniper.net;correspondence@cc.juniper.com;Scott G. Kriens;None
Wyeth;5 Giralda Farms;Madison;NJ;7940;973-660-5000;http://www.wyeth.com;pr@wyeth.com;Bernard Poussot;None
Perot Systems;2300 W. Plano Pkwy.;Plano;TX;75075;972-577-0000;http://www.perotsystems.com;consulting@ps.net;Peter A. Altabef;peter.altabef@perotsystems.com
Progressive;6300 Wilson Mills Rd.;Richmond Heights;OH;44143;440-461-5000;http://www.progressive.com;Customer_Service@pbp.com;Glenn M. Renwick;None
Google;1600 Amphitheatre Pkwy.;Mountain View;CA;94043;650-253-0000;http://www.google.com;press@google.com;Eric E. Schmidt;None
DISH Network;9601 S. Meridian Blvd.;Englewood;CO;80112;303-723-1000;http://www.dishnetwork.com;feedback@customermail.dishnetwork.com;Charles W. Ergen;charles.ergen@dishnetwork.com
McCormick;18 Loveton Circle;Glencoe;MD;21152;410-771-7301;http://www.mccormick.com;ConsumerTesting@McCormick.com;Alan D. Wilson;alan_wilson@mccormick.com
Kindred Healthcare;680 S. Fourth St.;Louisville;KY;40202;502-596-7300;http://www.kindredhealthcare.com;None;Paul J. Diaz;None
Darden Restaurants;5900 Lake Ellenor Dr.;Pine Castle;FL;32809;407-245-4000;http://www.darden.com;dardeninfo@darden.com;Clarence Otis Jr.;cotis@darden.com
Smithfield Foods;200 Commerce St.;Smithfield;VA;23430;757-365-3000;http://www.smithfieldfoods.com;support@smithfieldfoods.com;C. Larry Pope;None
Windstream;4001 Rodney Parham Rd.;Little Rock;AR;72212;501-748-7000;http://www.windstream.com;support@windstream.net;Jeffrey R. Gardner;None
Commercial Metals;6565 N. MacArthur Blvd.;Irving;TX;75039;214-689-4300;http://www.cmc.com;Debbie.Okle@cmc.com;Murray R. McClean;murray.mcclean@cmc.com
Ford Motor;1 American Rd.;Dearborn;MI;48126;313-322-3000;http://www.ford.com;None;Alan R. Mulally;alan.mulally@ford.com
Thomas & Betts;"8155 T&amp;B Blvd.";Memphis;TN;38125;901-252-8000;http://www.tnb.com;elec_custserv@tnb.com;Dominic J. Pileggi;None
Synovus Financial Corp.;1111 Bay Ave.;Columbus;GA;31901;706-649-5220;http://www.synovus.com;patdixon@synovus.com;Richard E. Anthony;None
Verizon Communications;140 West St.;New York;NY;10007;212-395-1000;http://www.verizon.com;None;Ivan G. Seidenberg;ivan.g.seidenberg@verizon.com
United Services Automobile Assn.;9800 Fredericksburg Rd;San Antonio;TX;78288;210-498-2211;http://www.usaa.com;militaryrecruiting@usaa.com;Josue Robles Jr.;None
Holly;100 Crescent Court;Dallas;TX;75201;214-871-3555;http://www.hollycorp.com;hr@hollycorp.com;Matthew P. Clifton;None
National Life Group;1 National Life Dr.;Montpelier;VT;5604;802-229-3333;http://www.nationallife.com;CustomerRelations@nationallife.com;Thomas H. MacLeay;None
Jarden;555 Theodore Fremd Ave.;Rye;NY;10580;914-967-9400;http://www.jarden.com;inquiries@nationalcity.com;Martin E. Franklin;None
Host Hotels & Resorts;6903 Rockledge Dr.;West Bethesda;MD;20817;240-744-1000;http://www.hosthotels.com;info@hosthotels.com;W. Edward Walter;None
Chevron;6001 Bollinger Canyon Rd.;San Ramon;CA;94583;925-842-1000;http://www.chevron.com;ptarabini@chevron.com;David J. O'Reilly;None
Crosstex Energy;2501 Cedar Springs Rd.;Dallas;TX;75201;214-953-9500;http://www.crosstexenergy.com;allysia.emerson@crosstexenergy.com;Barry E. Davis;barry.davis@crosstexenergy.com
ACCO Brands;300 Tower Pkwy.;Prairie View;IL;60069;847-541-9500;http://www.accobrands.com;info@acco.com;David D. Campbell;david.campbell@acco.com
Agilysys;2255 Glades Road;Boca Raton;FL;33431;561-999-8700;http://www.agilysys.com;agilysyssupport@agilysys.com;Arthur Rhein;None
Comcast;1 Comcast Center;Philadelphia;PA;19103;215-286-1700;http://www.comcast.com;comcast@einfo.comcast.net;Brian L. Roberts;brian.roberts@comcast.com
American Greetings;1 American Rd.;Brooklyn;OH;44144;216-252-7300;http://www.americangreetings.com;consumer.relations@amgreetings.com;Zev Weiss;None
Penn National Gaming;825 Berkshire Blvd.;Wyomissing;PA;19610;610-373-2400;http://www.pngaming.com;pnrc@pngaming.com;Peter M. Carlino;corporate@pngaming.com
Lithia Motors;360 E. Jackson St.;West Main;OR;97501;541-776-6868;http://www.lithia.com;invest@lithia.com;Sidney B. DeBoer;sdeboer@lithia.com
Southern;30 Ivan Allen Jr. Blvd. N.W.;Atlanta;GA;30308;404-506-5000;http://www.southerncompany.com;ebill-support@southernco.com;David M. Ratcliffe;None
Smith International;16740 E. Hardy Rd.;Houston;TX;77032;281-443-3370;http://www.smith.com;info@smith.com;Douglas L. Rock;None
Office Depot;2200 Old Germantown Rd.;Delray Beach;FL;33445;561-438-4800;http://www.officedepot.com;mvesentini@officedepot.com;Steve Odland;sodland@officedepot.com
Tenneco;500 N. Field Dr.;Lake Forest;IL;60045;847-482-5000;http://www.tenneco.com;jostrander@tenneco.com;Gregg M. Sherrill;None
Micron Technology;8000 S. Federal Way;Boise;ID;83716;208-368-4000;http://www.micron.com;info@micron.com;Steven R. Appleton;None
Simon Property Group;225 W. Washington St.;Indianapolis;IN;46204;317-636-1600;http://www.simon.com;contact@simon.com;David Simon;None
Steelcase;901 44th St. S.E.;Kentwood;MI;49508;616-247-2710;http://www.steelcase.com;store@steelcase.com;James P. Hackett;None
Unified Western Grocers;5200 Sheila St.;City Of Commerce;CA;90040;323-264-5200;http://www.uwgrocers.com;spoc2@uwgrocers.com;Alfred A. Plamann;None
CACI International;1100 N. Glebe Rd.;Arlington;VA;22201;703-841-7800;http://www.caci.com;CACIrecruitingteam@caci.com;Paul M. Cofoni;None
United Natural Foods;260 Lake Rd.;Dayville;CT;6241;860-779-2800;http://www.unfi.com;info@unfi.com;Michael S. Funk;None
Universal Forest Products;2801 E. Beltline N.E.;Grand Rapids;MI;49525;616-364-6161;http://www.ufpi.com;customerservice@ufpi.com;Michael B. Glenn;None
CHS;5500 Cenex Dr.;Inver Grove Heig;MN;55077;651-355-6000;http://www.chsinc.com;info@chsinc.com;John D. Johnson;john.johnson@chsinc.com
H&R Block;"1 H&amp;R Block Way";Kansas City;MO;64105;816-854-3000;http://www.hrblock.com;customersupport@hrblock.com;Alan M. Bennett;None
Armstrong World Industries;2500 Columbia Ave.;Rohrerstown;PA;17603;717-397-0611;http://www.armstrong.com;magraham@armstrong.com;Michael D. Lockhart;None
Devon Energy;20 N. Broadway;Oklahoma City;OK;73102;405-235-3611;http://www.devonenergy.com;DevonRevenueHotline@dvn.com;J. Larry Nichols;None
CB Richard Ellis Group;11150 Santa Monica Blvd.;Los Angeles;CA;90025;310-405-8900;http://www.cbre.com;carmen.cortes@cbre.com;Brett White;brett.white@cbre.com
Southern Union;5444 Westheimer Rd.;Houston;TX;77056;713-989-2000;http://www.sug.com;mail@southernunionco.com;George L. Lindemann;None
Nelnet;121 S. 13th St.;Lincoln;NE;68508;402-458-2370;http://www.nelnet.net;michael.dunlap@nelnet.net;Michael S. Dunlap;None
Sovereign Bancorp;1500 Market St.;Philadelphia;PA;19102;215-256-8601;http://www.sovereignbank.com;Customer Service Email: mortserv@sovereignbank.com;Joseph P. Campanelli;None
Allstate;2775 Sanders Rd.;Northbrook;IL;60062;847-402-5000;http://www.allstate.com;None;Thomas J. Wilson;tjwil@allstate.com
Chaparral Steel;300 Ward Rd.;Midlothian;TX;76065;972-775-8241;http://www.chapusa.com;rancevic@gerdauameristeel.com;Mario Longhi;None
Warner Music Group;75 Rockefeller Plaza;New York;NY;10019;212-275-2000;http://www.wmg.com;mediainquiries@wmg.com;Edgar Bronfman Jr.;None
Colgate-Palmolive;300 Park Ave.;New York;NY;10022;212-310-2000;http://www.colgate.com;directors@colpal.com;Ian M. Cook;None
GMAC;200 Renaissance Center;Detroit;MI;48265;313-556-5000;http://www.gmacfs.com;investor.relations@gmacfs.com;Alvaro G. de Molina;None
TJX;770 Cochituate Rd.;Framingham;MA;1701;508-390-1000;http://www.tjx.com;webmaster@voltdirectory.com;Carol M. Meyrowitz;None
Colonial Bancgroup;100 Colonial Bank Blvd.;Montgomery;AL;36117;334-676-5000;http://www.colonialbank.com;colonialbank@markmonitor.com;Robert E. Lowder;None
Assurant;1 Chase Manhattan Plaza;New York;NY;10005;212-859-7000;http://www.assurant.com;None;Robert B. Pollock;None
Scana;1426 Main St.;Columbia;SC;29201;803-217-9000;http://www.scana.com;thewitt@scana.com;William B. Timmerman;None
Safeco;1001 Fourth Ave.;Seattle;WA;98154;206-545-5000;http://www.safeco.com;asknpf@safeco.com;Paula Rosput Reynolds;None
Ingles Markets;2913 U.S. Hwy. 70 W.;Black Mountain S;NC;28711;828-669-2941;http://www.ingles-markets.com;None;Robert P. Ingle;None
Allergan;2525 Dupont Dr.;Irvine;CA;92612;714-246-4500;http://www.allergan.com;info@allergan.com;David E. I. Pyott;pyott_david@allergan.com
Viacom;1515 Broadway;New York;NY;10036;212-258-6000;http://www.viacom.com;None;Philippe P. Dauman;None
Sempra Energy;101 Ash St.;San Diego;CA;92101;619-696-2034;http://www.sempra.com;gifts@sempra.com;Donald E. Felsinger;None
Union Pacific;1400 Douglas St.;Omaha;NE;68179;402-544-5000;http://www.up.com;ocpatronclaim@up.com;James R. Young;None
UGI;460 N. Gulph Rd.;King Of Prussia;PA;19406;610-337-1000;http://www.ugicorp.com;blakeb@ugicorp.com;Lon R. Greenberg;None
Knight;500 Dallas St.;Houston;TX;77002;713-369-9000;http://www.kindermorgan.com;km_web@kindermorgan.com;Richard D. Kinder;None
Global Partners;800 South St.;Waltham;MA;2453;781-894-8800;http://www.globalp.com;info@globalp.com;Eric Slifka;eslifka@globalp.com
Pepsi Bottling;1 Pepsi Way;Somers;NY;10589;914-767-6000;http://www.pbg.com;PBGPressCenter@pepsi.com;Eric J. Foss;None
Edison International;2244 Walnut Grove Ave.;Rosemead;CA;91770;626-302-2222;http://www.edison.com;edison.gifts@sce.com        employ@sce.com;John E. Bryson;john.bryson@edisonintl.com
Jones Lang LaSalle;200 E. Randolph Dr.;Chicago;IL;60601;312-782-5800;http://www.joneslanglasalle.com;info@am.jll.com;Colin Dyer;None
Cooper Tire & Rubber;701 Lima Ave.;Findlay;OH;45840;419-423-1321;http://www.coopertire.com;info@coopertire.com;Roy V. Armes;None
Burlington Northern Santa Fe;2650 Lou Menk Dr.;Fort Worth;TX;76131;800-795-2673;http://www.bnsf.com;electronicap@bnsf.com;Matthew K. Rose;matthew.rose@bnsf.com
Aleris International;25825 Science Park Dr.;Beachwood;OH;44122;216-910-3400;http://www.aleris.com;hr@aleris.com;Steven J. Demetriou;steve.demetriou@aleris.com
Energy Future Holdings;1601 Bryan St.;Dallas;TX;75201;214-812-4600;http://www.energyfutureholdings.com;Corp.Comm@energyfutureholdings.com;John F. Young;None
Consol Energy;1800 Washington Rd.;Upper Saint Clai;PA;15241;412-831-4000;http://www.consolenergy.com;info@consolenergy.com;J. Brett Harvey;brettharvey@consolenergy.com
LifePoint Hospitals;103 Powell Ct.;Brentwood;TN;37027;615-372-8500;http://www.lifepointhospitals.com;general.information@lpnt.net;William F. Carpenter III;None
Frontier Oil;10000 Memorial Dr.;Houston;TX;77024;713-688-9600;http://www.frontieroil.com;hr@frontieroil-den.com.;James R. Gibbs;None
Dean Foods;2515 McKinney Ave.;Dallas;TX;75201;214-303-3400;http://www.deanfoods.com;pauline_mendez@deanfoods.com;Gregg L. Engles;None
J.B. Hunt Transport Services;615 J.B. Hunt Corporate Dr.;Lowell;AR;72745;479-820-0000;http://www.jbhunt.com;general@jbhunt.com;Kirk Thompson;kirk_thompson@jbhunt.com
Land O'Lakes;4001 Lexington Ave. N.;Shoreview;MN;55126;651-481-2222;http://www.landolakesinc.com;LRBotham@landolakes.com;Christopher J. Policinski;None
Sanmina-SCI;2700 N. First St.;San Jose;CA;95134;408-964-3500;http://www.sanmina-sci.com;info@sanmina-sci.com;Jure Sola;None
Ameren;1901 Chouteau Ave.;Saint Louis;MO;63103;314-621-3222;http://www.ameren.com;swarren@ameren.com;Gary L. Rainwater;grainwater@ameren.com
Andrew;3 Westbrook Corporate Center, Ste. 900;Westchester;IL;60154;708-236-6600;http://www.andrew.com;communications@commscope.com;Frank M. Drendel;None
Honeywell International;101 Columbia Rd.;Morris Township;NJ;7962;973-455-2000;http://www.honeywell.com;webcontentsupport@honeywell.com;David M. Cote;dave.cote@honeywell.com
Fidelity National Information Services;601 Riverside Ave.;Jacksonville;FL;32204;904-854-8100;http://www.fidelityinfoservices.com;consumer.inquire@fnis.com;Lee A. Kennedy;None
Fleetwood Enterprises;3125 Myers St.;Riverside;CA;92503;951-351-3500;http://www.fleetwood.com;001HSGService@fleetwood.com;Elden L. Smith;elden.smith@fleetwood.com
PetSmart;19601 N. 27th Ave.;New River Stage;AZ;85027;623-580-6100;http://www.petm.com;customercare@petsmart.com;Philip L. Francis;None
HealthExtras;800 King Farm Blvd.;Rockville;MD;20850;301-548-2900;http://www.healthextras.com;info@healthextras.com;David T. Blair;None
Aramark;1101 Market St.;Philadelphia;PA;19107;215-238-3000;http://www.aramark.com;feedback@aramark.com;Joseph Neubauer;None
AnnTaylor Stores;7 Times Square;New York;NY;10036;212-541-3300;http://www.anntaylor.com;barbara_eisenberg@anntaylor.com;Katherine Krill;None
American National Insurance;1 Moody Plaza;Galveston;TX;77550;409-763-4661;http://www.anico.com;customerservice@anico.com;Robert L. Moody;None
Quanex;1900 W. Loop S.;Houston;TX;77027;713-961-4600;http://www.quanex.com;inquiry@quanex.com;Raymond A. Jean;None
FirstEnergy;76 S. Main St.;Akron;OH;44308;800-736-3402;http://www.firstenergycorp.com;SupplierSupport@firstenergycorp.com;Anthony J. Alexander;None
Atmos Energy;5430 L.B.J. Freeway;Dallas;TX;75240;972-934-9227;http://www.atmosenergy.com;rbest@atmosenergy.com;Robert W. Best;bob.best@atmosenergy.com
Knights of Columbus;1 Columbus Plaza;New Haven;CT;6510;203-752-4000;http://www.kofc.org;info@kofc.org;Carl A. Anderson;carl.anderson@kofc.org
Bear Stearns;383 Madison Ave.;New York;NY;10179;212-272-2000;http://www.bearstearns.com;banker@bearstearns.com;Alan D. Schwartz;aschwartz@bear.com
Fairchild Semiconductor Intl.;82 Running Hill Road;South Portland;ME;4106;207-775-8100;http://www.fairchildsemi.com;sales@rocelec.com <;Mark S. Thompson;None
Sonoco Products;1 N. Second St.;Hartsville;SC;29550;843-383-7000;http://www.sonoco.com;None;Harris E. DeLoach Jr.;None
Nvidia;2701 San Tomas Expwy.;Santa Clara;CA;95050;408-486-2000;http://www.nvidia.com;hr@nvidia.com;Jen-Hsun Huang;None
Energy Transfer Equity;3738 Oak Lawn Ave.;Dallas;TX;75219;214-981-0700;http://www.energytransfer.com;InvestorRelations@energytransfer.com.;Kelcy L. Warren;amayfield@energytransfer.com
Packaging Corp. of America;1900 W. Field Ct.;Lake Forest;IL;60045;847-482-3000;http://www.packagingcorp.com;tgoodwin@packagingcorp.com;Paul T. Stecko;None
Fred's;4300 New Getwell Rd.;Memphis;TN;38118;901-365-8880;http://www.fredsinc.com;fredsonlinesupport@fredsinc.com;Michael J. Hayes;None
Jack in the Box;9330 Balboa Ave.;San Diego;CA;92123;858-571-2121;http://www.jackinthebox.com;franchise.sales@jackinthebox.com;Linda A. Lang;None
Franklin Resources;1 Franklin Pkwy.;San Mateo;CA;94403;650-312-2000;http://www.franklintempleton.com;None;Gregory E. Johnson;None
Schnitzer Steel Industries;3200 N.W. Yeon Ave.;Portland;OR;97210;503-224-9900;http://www.schnitzersteel.com;tzelenka@schn.com;John D. Carter;None
Advanced Micro Devices;1 AMD Place;Sunnyvale;CA;94085;408-749-4000;http://www.amd.com;complaints@amd.com;Hector de J. Ruiz;hector.ruiz@amd.com
Sprint Nextel;6200 Sprint Pkwy.;Overland Park;KS;66251;800-829-0965;http://www.sprint.com;ecare@cc.sprintpcs.com;Daniel R. Hesse;None
Corn Products International;5 Westbrook Corporate Ctr.;Westchester;IL;60154;708-551-2600;http://www.cornproducts.com;corpcomm@cornproducts.com;Samuel C. Scott III;None
Expeditors International of Washington;1015 Third Ave.;Seattle;WA;98104;206-674-3400;http://www.expeditors.com;None;Peter J. Rose;peter.rose@expeditors.com
Service Corp. International;1929 Allen Pkwy.;Houston;TX;77019;713-522-5141;http://www.sci-corp.com;GeneralInquiries@sci-us.com;Thomas L. Ryan;None
CommScope;1100 CommScope Pl., S.E.;Hickory;NC;28602;828-324-2200;http://www.commscope.com;support.team@andrew.com;Frank M. Drendel;None
FM Global;1301 Atwood Ave.;Cranston;RI;2919;401-275-3000;http://www.fmglobal.com;servicedesk.myrisk@fmglobal.com;Shivan S. Subramaniam;None
American Financial Group;1 E. Fourth St.;Cincinnati;OH;45202;513-579-2121;http://www.afginc.com;AFGInvestorRelations@gaic.com;None;None
Bank of America Corp.;100 N. Tryon St.;Charlotte;NC;28255;704-386-5681;http://www.bankofamerica.com;futures@bankofamerica.com;Kenneth D. Lewis;ken.d.lewis@bankofamerica.com
Marshall & Ilsley Corp.;770 N. Water St.;Milwaukee;WI;53202;414-765-7700;http://www.micorp.com;reportfraud@mibank.com;Mark F. Furlong;None
Pride International;5847 San Felipe;Houston;TX;77057;713-789-1400;http://www.prideinternational.com;mailto:jchastain@prideinternational.com;Louis A. Raspino;None
Walt Disney;500 S. Buena Vista St.;Burbank;CA;91521;818-560-1000;http://www.disney.com;kathy.nolda@dig.com;Robert A. Iger;None
Werner Enterprises;14507 Frontier Rd.;Papillion;NE;68138;402-895-6640;http://www.werner.com;None;Gregory L. Werner;None
C.H. Robinson Worldwide;14701 Charlson Rd.;Eden Prairie;MN;55347;952-937-8500;http://www.chrobinson.com;214-mgr@chrobinson.com;John P. Wiehoff;None
Coach;516 W. 34th St.;New York;NY;10001;212-594-1850;http://www.coach.com;comments@coach.com;Lew Frankfort;None
OfficeMax;263 Shuman Blvd.;Naperville;IL;60563;630-438-7800;http://www.officemax.com;online@officemax.com;Sam K. Duncan;None
Harris;1025 W. NASA Blvd.;Melbourne;FL;32919;321-727-9100;http://www.harris.com;webmaster@harris.com;Howard L. Lance;None
ScanSource;6 Logue Court;Greenville;SC;29615;864-288-2432;http://www.scansource.com;ssc-sales@scansourcecommunications.com;Michael L. Baur;None
Amkor Technology;1900 S. Price Rd.;Chandler;AZ;85286;480-821-5000;http://www.amkor.com;marketing@amkor.com;James J. Kim;JKim@amkor.com
Halliburton;1401 McKinney St.;Houston;TX;77010;713-759-2600;http://www.halliburton.com;None;David J. Lesar;David.Lesar@halliburton.com
C.R. Bard;730 Central Ave.;New Providence;NJ;7974;908-277-8000;http://www.crbard.com;bard.helpline@crbard.com;Timothy M. Ring;None
Sally Beauty Holdings;3001 Colorado Blvd.;Denton;TX;76210;940-898-7500;http://www.sallybeautyholdings.com;sjmartin@sallybeauty.com;Gary G. Winterhalter;None
Bristol-Myers Squibb;345 Park Ave.;New York;NY;10154;212-546-4000;http://www.bms.com;None;James M. Cornelius;jim.cornelius@bms.com
RPM International;2628 Pearl Rd.;Medina;OH;44256;330-273-5090;http://www.rpminc.com;info@rpminc.com;Frank C. Sullivan;None
Nucor;1915 Rexford Rd.;Charlotte;NC;28211;704-366-7000;http://www.nucor.com;info@nucor.com;Daniel R. DiMicco;None
Liz Claiborne;1441 Broadway;New York;NY;10018;212-354-4900;http://www.lizclaiborne.com;consumer_relations@liz.com;William L. McComb;None
Emerson Electric;8000 W. Florissant Ave.;Jennings;MO;63136;314-553-2000;http://www.gotoemerson.com;CustServe.Bristol@EmersonProcess.com;David N. Farr;None
Spansion;915 DeGuigne Dr.;Sunnyvale;CA;94088;408-962-2500;http://www.spansion.com;courtney.brigham@spansion.com;Bertrand F. Cambou;None
Del Monte Foods;1 Market St.;San Francisco;CA;94105;415-247-3000;http://www.delmonte.com;Contact-US-Executive-Office@freshdelmonte.com;Richard G. Wolford;None
Standard Pacific;15326 Alton Pkwy.;Irvine;CA;92618;949-789-1600;http://www.standardpacifichomes.com;None;Jeffrey V. Peterson;None
BJ Services;4601 Westway Pk. Blvd.;Houston;TX;77041;713-462-4239;http://www.bjservices.com;info@bjservices.com;James W. Stewart;Douglas.McCallum@ebay.com
Affinia Group Intermediate Holdings;1101 Technology Dr.;Ann Arbor;MI;48108;734-827-5400;http://www.affiniagroup.com;general.info@affiniagroup.com;Terry R. McCormick;None
CarMax;12800 Tuckahoe Creek Pkwy.;Richmond;VA;23238;804-747-0422;http://www.carmax.com;marketing_carmax@carmax.com;Thomas J. Folliard;None
Peter Kiewit Sons';1000 Kiewit Plaza;Omaha;NE;68131;402-342-2052;http://www.kiewit.com;equipment@kiewit.com;Bruce E. Grewcock;None
UnitedHealth Group;9900 Bren Rd. E.;Eden Prairie;MN;55343;952-936-1300;http://www.unitedhealthgroup.com;None;Stephen J. Hemsley;None
TIAA-CREF;730 Third Ave.;New York;NY;10017;212-490-9000;http://www.tiaa-cref.org;AdvisorAccess@tiaa-cref.org;Roger W. Ferguson Jr.;None
Wendy's International;4288 W. Dublin-Granville Rd.;Dublin;OH;43017;614-764-3100;http://www.wendys-invest.com;international_opportunities@wendys.com;Kerrii B. Anderson;None
Hospira;275 N. Field Dr.;Lake Forest;IL;60045;224-212-2000;http://www.hospira.com;one2one@hospira.com;Christopher B. Begley;None
Guess;1444 S. Alameda St.;Los Angeles;CA;90021;213-765-3100;http://www.guess.com;customerservice@guess.com;Paul Marciano;None
Southwest Gas;5241 Spring Mtn. Rd.;Las Vegas;NV;89193;702-876-7237;http://www.swgas.com;webmaster@swgas.com;Jeffrey W. Shaw;jeff.shaw@swgas.com
Auto-Owners Insurance;6101 Anacapri Blvd.;Lansing;MI;48917;517-323-1200;http://www.auto-owners.com;onlinebillingservice@aoins.com;Roger L. Looyenga;looyenga.roger@aoins.com
Career Education;2895 Greenspoint Pkwy.;Hoffman Estates;IL;60169;847-781-3600;http://www.careered.com;None;Gary E. McCullough;None
National City Corp.;1900 E. Ninth St.;Cleveland;OH;44114;216-222-2000;http://www.nationalcity.com;peter.spizzirri@nationalcity.com;Peter E. Raskind;None
Genuine Parts;2999 Circle 75 Pkwy.;Atlanta;GA;30339;770-953-1700;http://www.genpt.com;webmaster@genpt.com;Thomas C. Gallagher;None
Reliance Steel & Aluminum;350 S. Grand Ave.;Los Angeles;CA;90071;213-687-7700;http://www.rsac.com;kfeazle@rsac.com;David H. Hannah;None
Marriott International;10400 Fernwood Rd.;West Bethesda;MD;20817;301-380-3000;http://www.marriott.com;None;J.W. Marriott Jr.;None
Becton Dickinson;1 Becton Dr.;Franklin Lakes;NJ;7417;201-847-6800;http://www.bd.com;customer_support@bd.com;Edward J. Ludwig;None
Gannett;7950 Jones Branch Dr.;McLean;VA;22107;703-854-6000;http://www.gannett.com;gcishare@gannett.com;Craig A. Dubow;None
Microsoft;1 Microsoft Way;Redmond;WA;98052;425-882-8080;http://www.microsoft.com;None;Steven A. Ballmer;steveballmer@ceo.microsoft.com
Universal American;6 International Dr.;Rye Brook;NY;10573;914-934-5200;http://www.uafc.com;information@hhsi.com;Richard A. Barasch;None
Tenet Healthcare;13737 Noel Rd.;Dallas;TX;75240;469-893-2200;http://www.tenethealth.com;Daniel.Waldmann@tenethealth.com;Trevor Fetter;None
Crane;100 First Stamford Pl.;Stamford;CT;6902;203-363-7300;http://www.craneco.com;crfdn@craneco.com;Eric C. Fast;None
Danaher;2099 Pennsylvania Ave. N.W.;Washington;DC;20006;202-828-0850;http://www.danaher.com;info@danaher.com;H. Lawrence Culp Jr.;None
Symantec;20330 Stevens Creek Blvd.;Monte Vista;CA;95014;408-517-8000;http://www.symantec.com;customersupport@symantec.iseva.net;John W. Thompson;None
American International Group;70 Pine St.;New York;NY;10270;212-770-7000;http://www.aigcorporate.com;tiger@agf.com;Martin J. Sullivan;None
Applied Industrial Technologies;1 Applied Plaza;Cleveland;OH;44115;216-426-4000;http://www.applied.com;questions@applied.com;David L. Pugh;None
Hewitt Associates;100 Half Day Rd.;Prairie View;IL;60069;847-295-5000;http://www.hewitt.com;infoaustralia@hewitt.com;Russell P. Fradin;None
AmerisourceBergen;1300 Morris Dr.;Radnor;PA;19087;610-727-7000;http://www.amerisourcebergen.com;info@amerisourcebergen.com;R. David Yost;None
Western & Southern Financial Group;400 Broadway;Cincinnati;OH;45202;513-629-1800;http://www.westernsouthern.com;sales@westernsouthern.com;John F. Barrett;None
Legg Mason;100 Light St.;Baltimore;MD;21202;410-539-0000;http://www.leggmason.com;webinquiries@leggmason.com;Mark R. Fetting;None
Mettler-Toledo International;1900 Polaris Pkwy.;Columbus;OH;43240;614-438-4511;http://www.mt.com;Corporate.Communications@mt.com;Olivier A. Filliol;Olivier.Filliol@mt.com
Synnex;44201 Nobel Dr.;Fremont;CA;94538;510-656-3333;http://www.synnex.com;cshelp@synnex.com;None;None
PG&E Corp.;1 Market St.;San Francisco;CA;94105;415-267-7000;http://www.pgecorp.com;None;Peter A. Darbee;None
Apollo Group;4615 E. Elwood St.;Phoenix;AZ;85040;480-966-5394;http://www.apollogrp.edu;None;Brian E. Mueller;None
Newmont Mining;1700 Lincoln St.;Denver;CO;80203;303-863-7414;http://www.newmont.com;support@newmont.com;Richard T. O'Brien;None
Chico's FAS;11215 Metro Pkwy.;Fort Myers;FL;33966;239-277-6200;http://www.chicos.com;customerservice@chicos.com;Scott A. Edmonds;None
Rite Aid;30 Hunter Lane;Shiremanstown;PA;17011;717-761-2633;http://www.riteaid.com;inquiry@riteaid.com;Mary F. Sammons;msammons@riteaid.com
Idearc;2200 W. Airfield Dr.;Dallas/Ft. Worth Airport;TX;75261;972-453-7000;http://www.idearc.com;idearc@computershare.com;Frank P. Gatto;None
Targa Resources;1000 Louisiana St.;Houston;TX;77002;713-584-1000;http://www.targaresources.com;PMcConnell@targaresources.com;Rene R. Joyce;None
SanDisk;601 McCarthy Blvd.;Milpitas;CA;95035;408-801-1000;http://www.sandisk.com;support@sandisk.com;Eli Harari;eharari@sandisk.com
Amphenol;358 Hall Ave.;Wallingford;CT;6492;203-265-8900;http://www.amphenol.com;aphinfo@amphenol.com;Martin H. Loeffler;None
CUNA Mutual Group;5910 Mineral Point Rd.;Madison;WI;53705;608-238-5851;http://www.cunamutual.com;jim.buchheim@cunamutual.com;Jeffrey Post;None
Cameron International;1333 W. Loop S.;Houston;TX;77027;713-513-3300;http://www.c-a-m.com;None;Jack B. Moore;None
Home Depot;2455 Paces Ferry Rd. N.W.;Atlanta;GA;30339;770-433-8211;http://www.homedepot.com;customercare@homedepot.com;Francis S. Blake;Frank_Blake@homedepot.com
Sonic Automotive;6415 Idlewild Rd.;Charlotte;NC;28212;704-566-2400;http://www.sonicautomotive.com;purchasing@sonicautomotive.com;O. Bruton Smith;None
Landstar System;13410 Sutton Park Dr. S.;Jacksonville;FL;32224;904-398-9400;http://www.landstar.com;security@landstar.com;Henry H. Gerkens;None
Great Plains Energy;1201 Walnut St.;Kansas City;MO;64106;816-556-2200;http://www.greatplainsenergy.com;custserv@kcpl.com.;Michael J. Chesser;None
Applera;301 Merritt 7;Norwalk;CT;6851;203-840-2000;http://www.applera.com;sales@applera.com;Tony L. White;None
Boyd Gaming;3883 Howard Hughes Parkway;Las Vegas;NV;89169;702-792-7200;http://www.boydgaming.com;esupplieradmin@boydgaming.com;Keith E. Smith;None
Terra Industries;600 Fourth St.;Sioux City;IA;51101;712-277-1340;http://www.terraindustries.com;webmanager@terraindustries.com;Michael L. Bennett;None
Equifax;1550 Peachtree Street N.W.;Atlanta;GA;30309;404-885-8000;http://www.equifax.com;member.benefits@equifax.com;Richard F. Smith;richard.smith@equifax.com
Waste Management;1001 Fannin St.;Houston;TX;77002;713-512-6200;http://www.wm.com;wmcares@wm.com;David P. Steiner;None
Realogy;1 Campus Dr.;Parsippany;NJ;7054;973-407-2000;http://www.realogy.com;None;Richard A. Smith;None
UTStarcom;1275 Harbor Bay Pkwy.;Alameda;CA;94502;510-864-8800;http://www.utstar.com;services@utstar.com;Hong Liang Lu;None
Bank of New York Mellon Corp.;1 Wall St.;New York;NY;10286;212-495-1784;http://www.bynmellon.com;None;Robert P. Kelly;None
United Parcel Service;55 Glenlake Pkwy. N.E.;Sandy Springs;GA;30328;404-828-6000;http://www.ups.com;info@unitedparcledistribution.com;D. Scott Davis;None
Men's Wearhouse;6380 Rogerdale Rd.;Houston;TX;77072;281-776-7200;http://www.tmw.com;perfectfit@tmw.com;George Zimmer;None
New York Times;620 8th Ave.;New York;NY;10018;212-556-1234;http://www.nytco.com;managing-editor@nytimes.com;Janet L. Robinson;jrobinson@nytimes.com
Avery Dennison;150 N. Orange Grove Blvd.;Pasadena;CA;91103;626-304-2000;http://www.averydennison.com;communications@averydennison.com;Dean A. Scarborough;None
Emcor Group;301 Merritt 7 Corporate Park;Norwalk;CT;6851;203-849-7800;http://www.emcorgroup.com;emcor_info@emcorgroup.com;Frank T. MacInnis;None
Sierra Pacific Resources;6100 Neil Rd.;Reno;NV;89511;775-834-4011;http://www.sierrapacificresources.com;nevadateam@sierrapacific.com;Michael W. Yackira;None
NVR;11700 Plaza America Dr.;Reston;VA;20190;703-956-4000;http://www.nvrinc.com;jduffy@nvrinc.com;Paul C. Saville;None
Kansas City Southern;427 W. 12th St.;Kansas City;MO;64105;816-983-1303;http://www.kcsouthern.com;mhaverty@kcsouthern.com;Michael R. Haverty;None
Pantry;1801 Douglas Dr.;Sanford;NC;27331;919-774-6700;http://www.thepantry.com;Samantha.Kelley@thepantry.com;Peter J. Sodini;None
Merck;1 Merck Dr.;Whitehouse Stati;NJ;8889;908-423-1000;http://www.merck.com;richard.clark@merck.com;Richard T. Clark;richard.clark@merck.com
Guardian Life Ins. Co. of America;7 Hanover Square;Governors Island;NY;10004;212-598-8000;http://www.guardianlife.com;marketcc@glic.com;Dennis J. Manning;None
MetLife;200 Park Ave.;New York;NY;10166;212-578-2211;http://www.metlife.com;ask4met@metlifeservice.com;C. Robert Henrikson;None
CVS Caremark;1 CVS Dr.;North Smithfield;RI;2895;401-765-1500;http://www.cvs.com;customercare@cvs.com;Thomas M. Ryan;None
R.R. Donnelley & Sons;111 S. Wacker Dr.;Chicago;IL;60606;312-326-8000;http://www.rrdonnelley.com;bdssales@banta.com;Thomas J. Quinlan III;None
Beacon Roofing Supply;1 Lakeland Park Dr.;Peabody;MA;1960;978-535-7668;http://www.beaconroofingsupply.com;ezadrozny@beaconroofingsupply.com;Robert R. Buck;None
Mueller Water Products;1200 Abernathy Road N.E.;Sandy Springs;GA;30328;770-206-4200;http://www.muellerwaterproducts.com;corporatecommunications@muellerwp.com;Gregory E. Hyland;None
Watson Pharmaceuticals;311 Bonnie Circle;Corona;CA;92880;951-493-5300;http://www.watson.com;None;Paul M. Bisaro;None
Harrah's Entertainment;1 Caesars Palace Dr.;Las Vegas;NV;89109;702-407-6000;http://www.harrahs.com;None;Gary W. Loveman;None
Iron Mountain;745 Atlantic Ave.;Boston;MA;2111;617-535-4766;http://www.ironmountain.com;info@emailmanagementsuite.com;C. Richard Reese;Richard.reese@ironmountain.com
Kennametal;1600 Technology Way;Latrobe;PA;15650;724-539-5000;http://www.kennametal.com;ftmill.service@kennametal.com;Carlos M. Cardoso;None
Amazon.com;1200 12th Avenue S.;Seattle;WA;98144;206-266-1000;http://www.amazon.com;info@amazon.com;Jeffrey P. Bezos;info@amazon.com
Hubbell;584 Derby Milford Rd.;Orange;CT;6477;203-799-4100;http://www.hubbell.com;info@hubbell.com;Timothy H. Powers;None
Airgas;259 N. Radnor-Chester Rd.;Radnor;PA;19087;610-687-5253;http://www.airgas.com;custserv@airgas.com;Peter McCausland;peter.mccausland@airgas.com
Briggs & Stratton;12301 W. Wirth St.;Milwaukee;WI;53222;414-259-5333;http://www.briggsandstratton.com;briggswebmaster@custhelp.com;John S. Shiely;None
Benchmark Electronics;3000 Technology Dr.;Angleton;TX;77515;979-849-6550;http://www.bench.com;info@bench.com;Cary T. Fu;None
Bed Bath & Beyond;650 Liberty Ave.;Union;NJ;7083;908-688-0888;http://www.bedbathandbeyond.com;customer.service@bedbath.com;Steven H. Temares;steven.temares@bedbath.com
Avis Budget Group;6 Sylvan Way;Parsippany;NJ;7054;973-496-4700;http://www.avisbudgetgroup.com;John.Barrows@avisbudget.com;Ronald L. Nelson;presidingdirector@avisbudget.com
Mirant;1155 Perimeter Center W.;Dunwoody;GA;30338;678-579-5000;http://www.mirant.com;americas@mirant.com;Edward R. Muller;None
Dillard's;1600 Cantrell Rd.;Little Rock;AR;72201;501-376-5200;http://www.dillards.com;questions@dillards.com;William Dillard II;None
State Street Corp.;1 Lincoln St.;Boston;MA;2111;617-786-3000;http://www.statestreet.com;information@statestreet.com;Ronald E. Logue;None
Complete Production Services;11700 Old Katy Rd.;Houston;TX;77079;281-372-2300;http://www.completeproduction.com;mmayer@completeproduction.com;Joseph C. Winkler;None
URS;600 Montgomery St.;San Francisco;CA;94111;415-774-2700;http://www.urscorp.com;info@urscorp.com;Martin M. Koffel;None
Oil States International;333 Clay St.;Houston;TX;77002;713-652-0582;http://www.oilstatesintl.com;None;Cindy B. Taylor;None
Ikon Office Solutions;70 Valley Stream Pkwy.;Frazer;PA;19355;610-296-8000;http://www.ikon.com;mespe@ikon.com;Matthew J. Espe;None
J.P. Morgan Chase & Co.;270 Park Ave.;New York;NY;10017;212-270-6000;http://www.jpmorganchase.com;jpmam.info@jpmorgan.com;James Dimon;None
Georgia Gulf;115 Perimeter Center Place;Atlanta;GA;30346;770-395-4500;http://www.ggc.com;creditmail@ggc.com;Paul D. Carrico;None
Toro;8111 Lyndale Ave. S.;Bloomington;MN;55420;952-888-8801;http://www.thetorocompany.com;companyinfo@thetorocompany.com;Michael J. Hoffman;None
Smurfit-Stone Container;150 N. Michigan Ave.;Chicago;IL;60601;312-346-6600;http://www.smurfit-stone.com;supplierzone@smurfit.com;Patrick J. Moore;None
Alliance Data Systems;17655 Waterview Pkwy.;Dallas;TX;75252;972-348-5100;http://www.alliancedata.com;sales@alliancedatasystems.com;J. Michael Parks;michael.parks@alliancedata.com
Scotts Miracle-Gro;14111 Scottslawn Road;Marysville;OH;43041;937-644-0011;http://www.scotts.com;None;James Hagedorn;None
Xilinx;2100 Logic Dr.;San Jose;CA;95124;408-559-7778;http://www.xilinx.com;publicrelations@xilinx.com;Willem P. Roelandts;None
Amerco;1325 Airmotive Way;Reno;NV;89502;775-688-6300;http://www.amerco.com;None;Edward J. Shoen;None
Amerigroup;4425 Corporation Ln.;Virginia Beach;VA;23462;757-490-6900;http://www.amerigroupcorp.com;mpsweb@amerigroupcorp.com;James G. Carlson;None
Owens Corning;1 Owens Corning Pkwy.;Toledo;OH;43659;419-248-8000;http://www.owenscorning.com;None;Michael H. Thaman;mike.thaman@owenscorning.com
Anixter International;2301 Patriot Blvd.;Glenview Nas;IL;60026;224-521-8000;http://www.anixter.com;Paul.mentzer@anixter.com;Robert W. Grubbs Jr.;None
Albemarle;330 S. Fourth St.;Richmond;VA;23219;804-788-6000;http://www.albemarle.com;eelko.brevoord@albemarle.com;Mark C. Rohr;m.rohr@albemarle.com
Protective Life;2801 Highway 280 S.;Mountain Brook;AL;35223;205-268-1000;http://www.protective.com;Annuity.Service@protective.com;John D. Johns;jjohns@protective.com
Quest Diagnostics;3 Giralda Farms;Madison;NJ;7940;973-520-2700;http://www.questdiagnostics.com;customer.service@questdiagnostics.com;Surya N. Mohapatra;None
VWR Funding;1310 Goshen Parkway;West Chester;PA;19380;610-431-1700;http://www.vwr.com;customerservice@vwr.com;John M. Ballbach;None
HealthSouth;1 HealthSouth Pkwy.;Cahaba Heights;AL;35243;205-967-7116;http://www.healthsouth.com;None;Jay Grinney;JayGrinney@healthsouth.com
Pioneer Natural Resources;5205 N. O'Connor Blvd.;Irving;TX;75039;972-444-9001;http://www.pxd.com;pioneer@continentalstock.com;Scott D. Sheffield;None
Ross Stores;4440 Rosewood Dr.;Pleasanton;CA;94588;925-965-4400;http://www.rossstores.com;customer.service@ros.com;Michael A. Balmuth;None
Pall;2200 Northern Blvd.;Greenvale;NY;11548;516-484-5400;http://www.pall.com;cssrequest@pall.com, Pall-Austria-Office@pall.com;Eric Krasnoff;pat_iannucci@pall.com
Genzyme;500 Kendall St.;Cambridge;MA;2142;617-252-7500;http://www.genzyme.com;cholestageleurope@genzyme.com;Henri A. Termeer;None
First Horizon National Corp.;165 Madison Ave.;Memphis;TN;38103;901-523-4444;http://www.fhnc.com;allthingsfinancial@firsthorizon.com;Gerald L. Baker;None
Joy Global;100 E. Wisconsin Ave.;Milwaukee;WI;53202;414-319-8500;http://www.joyglobal.com;gzagoudis@frbir.com;Michael W. Sutherlin;None
TD Ameritrade;4211 S. 102nd St.;Ralston;NE;68127;402-331-7856;http://www.amtd.com;Jmoglia@amtd.com;Joseph H. Moglia;None
Autoliv;1320 Pacific Dr.;Auburn Hills;MI;48326;248-475-9000;http://www.autoliv.com;info@autoliv.com;JanCarlson;jan.carlson@autoliv.com
Barnes & Noble;122 Fifth Ave.;New York;NY;10011;212-633-3300;http://www.barnesandnobleinc.com;customerservice@bn.com;Stephen Riggio;sriggio@bn.com
Crown Holdings;1 Crown Way;Philadelphia;PA;19154;215-698-5100;http://www.crowncork.com;michael.dunleavy@crowncork.com;John W. Conway;None
IDT;520 Broad St.;Newark;NJ;7102;973-438-1000;http://www.idt.net;idtvoicelinesupport@idt.net;James A. Courter;None
Exide Technologies;13000 Deerfield Pkwy.;Alpharetta;GA;30004;678-566-9000;http://www.exide.com;tbgna@exide.com;Gordon A. Ulsh;gordon.ulsh@exide.com
Country Insurance & Fin. Svcs.;1701 N. Towanda Ave.;Bloomington;IL;61702;309-821-3000;http://www.countryfinancial.com;accountaccess@countryinvestment.com;John D. Blackburn;john.blackburn@countryfinancial.com
Kelly Services;999 W. Big Beaver Rd.;Troy;MI;48084;248-362-4444;http://www.kellyservices.com;kfirst@kellyservices.com (general inquiries);Carl T. Camden;None
Constellation Brands;370 Woodcliff Dr.;Fairport;NY;14450;585-218-3600;http://www.cbrands.com;paul.middlebrook@cbrands.com;Robert S. Sands;robert.sands@cbrands.com
MDU Resources Group;1200 W. Century Ave.;Bismarck;ND;58506;701-530-1000;http://www.mdu.com;webmaster@mduresources.com;Terry D. Hildestad;None
Greif;425 Winter Road;Delaware;OH;43015;740-549-6000;http://www.greif.com;tammy.drumheller@greif.com;Michael J. Gasser;None
Lehman Brothers Holdings;745 Seventh Ave.;New York;NY;10019;212-526-7000;http://www.lehman.com;Index_Feedback@lehman.com;Richard S. Fuld Jr.;None
Louisiana-Pacific;414 Union St.;Nashville;TN;37219;615-986-5600;http://www.lpcorp.com;marketing.center@lpcorp.com;Richard W. Frost;rick.frost@lpcorp.com
NCR;1700 S. Patterson Blvd.;Dayton;OH;45479;937-445-5000;http://www.ncr.com;None;William R. Nuti;william.nuti@ncr.com
Humana;500 W. Main St.;Louisville;KY;40202;502-580-1000;http://www.humana.com;None;Michael B. McCallister;None
Bon-Ton Stores;2801 E. Market St.;East York;PA;17402;717-757-7660;http://www.bonton.com;furnitureservice@bonton.com.;Byron L. Bergren;bud.bergren@bonton.com
CenterPoint Energy;1111 Louisiana St.;Houston;TX;77002;713-207-1111;http://www.centerpointenergy.com;info@reliantenergy.nl;David M. McClanahan;david.mcclanahan@CenterPointEnergy.com
Live Nation;9348 Civic Center Dr.;Beverly Hills;CA;90210;310-867-7000;http://www.livenation.com;VWASTL@LiveNation.com;Michael Rapino;None
CBS;51 W. 52nd St.;New York;NY;10019;212-975-4321;http://www.cbscorporation.com;support@cbsouternet.com;Leslie Moonves;les.moonves@cbs.com
Asbury Automotive Group;622 Third Ave.;New York;NY;10017;212-885-2500;http://www.asburyauto.com;INFO@asburyauto.com;Charles R. Oglesby;None
Worthington Industries;200 Old Wilson Bridge Road;Worthington;OH;43085;614-438-3210;http://www.worthingtonindustries.com;jmcconnell@worthingtonindustries.com;John P. McConnell;None
Prudential Financial;751 Broad St.;Newark;NJ;7102;973-802-6000;http://www.prudential.com;prudentialretirement@prudential.com;John R. Strangfeld Jr.;None
Spartan Stores;850 76th St. S.W.;Grand Rapids;MI;49518;616-878-2000;http://www.spartanstores.com;communications@spartanstores.com;Craig C. Sturken;None
AptarGroup;475 W. Terra Cotta Ave.;Crystal Lake;IL;60014;815-477-0424;http://www.aptargroup.com;info@aptargroup.com;Peter H. Pfeiffer;None
HCA;1 Park Plaza;Nashville;TN;37203;615-344-9551;http://www.hcahealthcare.com;sales@healthtrustpg.com;Jack O. Bovender Jr.;None
Tellabs;1415 W. Diehl Rd.;Naperville;IL;60563;630-798-8800;http://www.tellabs.com;tom.scottino@tellabs.com;Robert W. Pullen;None
Paychex;911 Panorama Trail S.;Panorama;NY;14625;585-385-6666;http://www.paychex.com;info@paychex.com;Jonathan J. Judge;None
Lam Research;4650 Cushing Parkway;Fremont;CA;94538;510-572-0200;http://www.lamrc.com;salesinformation@lamrc.com;Stephen G. Newberry;None
Fifth Third Bancorp;38 Fountain Square Plaza;Cincinnati;OH;45263;513-534-5300;http://www.53.com;info@53.com;Kevin T. Kabat;None
Manpower;100 Manpower Place;Milwaukee;WI;53212;414-961-1000;http://www.manpower.com;Paducah.KY@na.manpower.com;Jeffrey A. Joerres;None
DRS Technologies;5 Sylvan Way;Parsippany;NJ;7054;973-898-1500;http://www.drs.com;patw@drs.com;Mark S. Newman;None
PNM Resources;Alvarado Square;Albuquerque;NM;87158;505-241-2700;http://www.pnmresources.com;mailto:Ethics@pnmresources.com;Jeffrey E. Sterba;None
Omnicom Group;437 Madison Ave.;New York;NY;10022;212-415-3600;http://www.omnicomgroup.com;PublicAffairs@OmnicomGroup.com;John D. Wren;None
Adobe Systems;345 Park Ave.;San Jose;CA;95110;408-536-6000;http://www.adobe.com;info@adobe.com;Shantanu Narayen;snarayen@adobe.com
Rock-Tenn;504 Thrasher St.;Norcross;GA;30071;770-448-2193;http://www.rocktenn.com;ldeleva@rocktenn.com;James A. Rubright;None
National Fuel Gas;6363 Main St.;Williamsville;NY;14221;716-857-7000;http://www.natfuel.com;RussellA@natfuel.com;David F. Smith;davids@natfuel.com
Campbell Soup;1 Campbell Place;Camden;NJ;8103;856-342-4800;http://www.campbellsoupcompany.com;HK_CS@campbellsoup.com;Douglas R. Conant;None
Dole Food;1 Dole Dr.;Westlake Village;CA;91362;818-879-6600;http://www.dole.com;dole_consumercenter@na.dole.com.;David A. DeLorenzo;None
Sara Lee;3500 Lacey Rd.;Downers Grove;IL;60515;312-726-2600;http://www.saralee.com;info@saralee.com;Brenda C. Barnes;None
Dun & Bradstreet;103 JFK Parkway;Short Hills;NJ;7078;973-921-5500;http://www.dnb.com;dnbusnationalcustomerrelations@dnb.com;Steven W. Alesio;None
Iasis Healthcare;117 Seaboard Lane;Franklin;TN;37067;615-844-2747;http://www.iasishealthcare.com;info@iasishealthcare.com;David R. White;None
UAL;77 W. Wacker Dr.;Chicago;IL;60601;312-997-8000;http://www.united.com;None;Glenn F. Tilton;glenn.tilton@united.com
Graphic Packaging;814 Livingston Court;Marietta;GA;30067;770-644-3000;http://www.graphicpkg.com;patti.gettinger@graphicpkg.com;David W. Scheible;None
Pulte Homes;100 Bloomfield Hills Pkwy.;Bloomfield Towns;MI;48304;248-647-2750;http://www.pulte.com;info@pulte.com;Richard J. Dugas Jr.;None
Genworth Financial;6620 W. Broad St.;West End;VA;23230;804-281-6000;http://www.genworth.com;contactus@genworth.com;Michael D. Fraizer;None
Interactive Brokers Group;1 Pickwick Plaza;Byram;CT;6830;203-618-5800;http://www.interactivebrokers.com;help@interactivebrokers.com;Thomas Peterffy;None
National Oilwell Varco;7909 Parkwood Circle Dr.;Houston;TX;77036;713-346-7500;http://www.nov.com;None;Merrill A. Miller Jr.;None
Massachusetts Mutual Life Insurance;1295 State St.;Springfield;MA;1111;413-788-8411;http://www.massmutual.com;customerservice@massmutual.com;Stuart H. Reese;sreese@massmutual.com
Lexmark International;740 W. New Circle Rd.;Lexington;KY;40550;859-232-2000;http://www.lexmark.com;info@lexmark.com;Paul J. Curlander;None
Oneok;100 W. Fifth St.;Tulsa;OK;74103;918-588-7000;http://www.oneok.com;None;John W Gibson;john.gibson@oneok.com
Federal-Mogul;26555 Northwestern Highway;Southfield;MI;48033;248-354-7700;http://www.federal-mogul.com;fmpurchasing@federalmogul.com;Jose Maria Alapont;None
Ecolab;370 Wabasha St. N.;Saint Paul;MN;55102;651-293-2233;http://www.ecolab.com;info.f&b@ecolab.co.uk;Douglas M. Baker Jr.;None
Centex;2728 N. Harwood St.;Dallas;TX;75201;214-981-5000;http://www.centex.com;contactus@CentexInsurance.com;Timothy R. Eller;None
Chubb;15 Mountain View Rd.;Warren;NJ;7061;908-903-2000;http://www.chubb.com;info@chubb.com;John D. Finnegan;None
JetBlue Airways;118-29 Queens Blvd.;Forest Hills;NY;11375;718-286-7900;http://www.jetblue.com;CorporateCommunications@jetblue.com;David Barger;None
Dow Chemical;2030 Dow Center;Midland;MI;48674;989-636-1000;http://www.dow.com;PresidingDirector@Dow.com;Andrew N. Liveris;anliveris@dow.com
Limited Brands;3 Limited Pkwy.;Gahanna;OH;43230;614-415-7000;http://www.limitedbrands.com;None;Leslie H. Wexner;None
BJ's Wholesale Club;1 Mercer Rd.;Natick;MA;1760;508-651-7400;http://www.bjs.com;membercare@bjs.accentonline.com;Herbert J. Zarkin;None
Volt Information Sciences;560 Lexington Ave.;New York;NY;10022;212-704-2400;http://www.volt.com;info@volt.com;Steven A. Shaw;None
Harsco;350 Poplar Church Rd.;Shiremanstown;PA;17011;717-763-7064;http://www.harsco.com;info@multiserv.com;Salvatore D. Fazzolari;sfazzolari@harsco.com
Airtran Holdings;9955 AirTran Blvd.;Orlando;FL;32827;407-318-5600;http://www.airtran.com;info@airtranweb.com;Robert L. Fornaro;None
LandAmerica Financial Group;5600 Cox Rd.;Glen Allen;VA;23060;804-267-8000;http://www.landam.com;customerservice@landam.com;Theodore L. Chandler Jr.;tchandler@landam.com
Apple;1 Infinite Loop;Monte Vista;CA;95014;408-996-1010;http://www.apple.com;eddingsk@apple.com;Steven P. Jobs;steve@mac.com
